model,RMSE,MAE,R2
LinearRegression,1.1052101032239467,0.8377191733991917,0.7415823663951286
RandomForest,0.83256214152298,0.5709630213944117,0.8533555031345997
